{"lr": 5.808909196086716e-05, "data_time": 0.8561482667922974, "loss": 0.18691500425338745, "decode.loss_ce": 0.18691500425338745, "decode.acc_seg": 100.0, "time": 1.0796361446380616, "epoch": 1, "memory": 2296, "step": 50}
{"lr": 0.00010865277009458953, "data_time": 0.6978917360305786, "loss": 0.04124986659735441, "decode.loss_ce": 0.04124986659735441, "decode.acc_seg": 100.0, "time": 0.9338956832885742, "epoch": 1, "memory": 1854, "step": 100}
{"lr": 0.0001170202912637596, "data_time": 0.599633264541626, "loss": 0.028283128794282675, "decode.loss_ce": 0.028283128794282675, "decode.acc_seg": 100.0, "time": 0.8324600696563721, "epoch": 1, "memory": 1854, "step": 150}
